rows,mae,rmse,r2,mape_pct,accuracy_pct,directional_accuracy,backtest_sharpe,backtest_max_drawdown
491,0.8375219822901084,1.1751354989434533,0.9977811750756721,0.3960975665657329,99.60390243343427,0.8755102040816326,0.7859847899610166,-0.1514346293157539
